Term,Type
Kindle Paperwhite Signature Edition,product
Eero mesh Wi-Fi system,product
Smart Air Quality Monitor,product
Ring Video Doorbell Pro,product
Samsung Galaxy Tab A,product
Ring Doorbell Pro,product
Ring Video Doorbell,product
Ring security camera,product
Fire HD tablet,product
Sidekick Dry bag,product
Ring Floodlight Cam,product
Daytrip Lunch Box,product
Blink Video Doorbell,product
Samsung Galaxy Tab A,product
Ring security camera,product
Fire TV Stick,product
Blink Outdoor Camera,product
Fire TV Cube,product
Ring security cameras,product
Fire TV remote,product
QuietComfort Earbuds,product
Ring Floodlight,product
Ring Doorbell,product
Fire HD,product
Fire TV,product
Echo Dot,product
lunch bag,product
Fire tablet,product
Echo Buds,product
Echo Frames,product
LoadOut Bucket,product
water bottle,product
office chair,product
surge protector,product
security camera,product
Kindle Scribe,product
Fire Max,product
smart plug,product
surge protector,product
security camera,product
Kindle Scribe,product
Echo Dot,product
Panga duffel,product
Doorbell Pro,product
Smart Plug,product
Amazon,brand
Rufus,product
YETI,brand
Fi,brand
Kindle,product
yeti,brand
fi,brand
amazon,brand
kindle,product
rambler,product
echo,product
Paperwhite,product
Omni,product
Apple,brand
Garmin,brand
Halo,brand
MacBooks,product
TP-Links,brand
Sonos One,product
Fis,brand
AirTag,product
FitBark,product
Tundra,product
Rambler,product
Roadie,product
Hopper,product
Flip,device
Daytrip,product
Series,model
Collar,product
collar,product
Yetis,brand
M20,model
cooler,product
coolers,product
collars,product
Oasis,product
Camino,product
Stronghold,product
Magslider,product
tumbler,product
tumblers,product
Alexa,product
Fire,product
fire,product
Ring,product
Amazons,brand
fis,brand
Garmin,Brand
Halo,brand
Apple,brand
GoBox,product
Netgear,brand
Orbi,product
Bose,brand
Studio,model
Alexa,product
AirTag,product
bottle,product
bottles,product
Dolby,brand
Atmos,product
styluses,product
